{
  "Lorem ipsum dolor sit amet, consectetur adipisicing elit": {
    " Aliquid commodi consequatur eligendi impedit incidunt necessitatibus possimus quis saepe sunt totam": {
      "": ""
    }
  },
  "PROFILE PAGE": "PROFILE PAGE",
  "decrement": "decrement",
  "increment": "increment",
  "throw error": "throw error",
  "Ваша фамилия": "Ваша фамилия",
  "Ваше имя": "Ваше имя",
  "Введите username": "Введите username",
  "Введите пароль": "Введите пароль",
  "Войти": "Войти",
  "Вы ввели неверный логин или пароль": "Вы ввели неверный логин или пароль",
  "Выйти": "Выйти",
  "Главная": "Главная",
  "Главная страница": "Главная страница",
  "О сайте": "О сайте",
  "О сайте123123": "О сайте123123",
  "Обновить страницу": "Обновить страницу",
  "Переключить": "Переключить",
  "Произошла непредвиденная ошибка": "Произошла непредвиденная ошибка",
  "Профиль": "Профиль",
  "Редактировать": "Редактировать",
  "Страница не найдена": "Страница не найдена",
  "Форма авторизации": "Форма авторизации",
  "Язык": "Язык"
}
