{
  "Ваш возраст": "Ваш возраст",
  "Ваша фамилия": "",
  "Ваше имя": "",
  "Введите имя пользователя": "Введите имя пользователя",
  "Введите ссылку на аватар": "Введите ссылку на аватар",
  "Город": "Город",
  "Данные не указаны": "Данные не указаны",
  "Имя и фамилия обязательны": "Имя и фамилия обязательны",
  "Некорректный возраст": "Некорректный возраст",
  "Некорректный регион": "Некорректный регион",
  "Отменить": "Отменить",
  "Попробуйте обновить страницу": "Попробуйте обновить страницу",
  "Произошла ошибка при загрузке профиля": "Произошла ошибка при загрузке профиля",
  "Профиль": "",
  "Редактировать": "",
  "Серверная ошибка при сохранении": "Серверная ошибка при сохранении",
  "Сохранить": "Сохранить"
}
